{"cameraMode":{"drawMode":0,"name":"Shaded","section":"Shading Mode"},"sceneLighting":true,"audioPlay":false,"sceneViewState":{"m_AlwaysRefresh":false,"showFog":true,"showSkybox":true,"showFlares":true,"showImageEffects":true,"showParticleSystems":true,"showVisualEffectGraphs":true,"m_FxEnabled":true},"in2DMode":false,"pivot":{"x":4.582533836364746,"y":1.565014362335205,"z":12.54134464263916},"rotation":{"x":0.045294664800167087,"y":0.0003087225486524403,"z":-0.000014573899534298107,"w":0.9989808797836304},"size":12.12435531616211,"orthographic":false}